Coles_StoreIDNo,Expec_Revenue,Gross_Sale,Sales_Cost,Targeted_Quarter,Coles_Forecast
C524,39,56,6,Q2 2023,On Target
C624,22,55,7,Q1 2023,On Target
C460,36,51,7,Q1 2023,On Target
C708,48,50,10,Q1 2023,Below Target
C647,23,39,18,Q2 2023,Below Target
C713,38,84,15,Q2 2023,On Target
C308,31,55,10,Q1 2023,On Target
C494,38,44,8,Q1 2023,Below Target
C656,30,39,10,Q2 2023,Below Target
C280,44,26,15,Q1 2023,Below Target
C738,34,29,13,Q1 2023,Below Target
C164,49,45,9,Q2 2023,Below Target
C631,37,49,13,Q2 2023,Below Target
C721,21,89,9,Q2 2023,On Target
C535,49,30,10,Q2 2023,Below Target
C621,37,56,9,Q2 2023,On Target
C454,50,39,13,Q1 2023,Below Target
C772,49,56,3,Q2 2023,On Target
C406,44,29,16,Q1 2023,Below Target
C196,44,42,6,Q1 2023,Below Target
C574,50,34,12,Q2 2023,Below Target
C672,48,44,9,Q2 2023,Below Target
C313,27,57,11,Q1 2023,On Target
C450,27,53,11,Q1 2023,On Target
C699,33,49,12,Q1 2023,On Target
C760,24,36,12,Q2 2023,On Target
C174,22,34,10,Q2 2023,On Target
C344,36,43,5,Q1 2023,On Target
C382,24,53,11,Q1 2023,On Target
C419,25,42,13,Q2 2023,On Target
C443,37,57,NA,Q1 2023,NA
C640,42,55,5,Q1 2023,On Target
C317,43,31,8,Q2 2023,Below Target
C207,23,36,11,Q2 2023,On Target
C336,41,47,7,Q2 2023,Below Target
C309,40,29,5,Q2 2023,Below Target
C163,30,59,9,Q2 2023,On Target
C461,29,50,20,Q1 2023,On Target
C628,34,38,6,Q1 2023,Below Target
C759,38,32,10,Q1 2023,Below Target
C463,24,30,10,Q1 2023,Below Target
C203,48,55,7,Q1 2023,On Target
C245,28,50,7,Q1 2023,On Target
C562,29,33,10,Q2 2023,Below Target
C442,49,38,10,Q2 2023,Below Target
C776,28,25,8,Q1 2023,Below Target
C271,45,40,6,Q2 2023,Below Target
C373,26,53,11,Q1 2023,On Target
C550,41,50,9,Q2 2023,On Target
C696,23,35,12,Q2 2023,On Target
C777,31,79,10,Q1 2023,On Target
C238,48,45,8,Q2 2023,Below Target
C425,25,41,9,Q2 2023,On Target
C493,44,54,10,Q1 2023,On Target
C583,43,29,NA,Q2 2023,NA
C794,34,35,5,Q1 2023,Below Target
C431,45,42,9,Q2 2023,Below Target
C348,27,40,13,Q1 2023,On Target
C694,28,39,9,Q1 2023,On Target
C218,24,43,9,Q1 2023,On Target
C349,29,43,12,Q2 2023,On Target
C674,36,47,10,Q2 2023,On Target
C773,48,50,6,Q2 2023,Below Target
C182,42,56,13,Q1 2023,On Target
C664,41,41,11,Q2 2023,Below Target
C192,50,36,11,Q2 2023,Below Target
C366,26,59,11,Q1 2023,On Target
C682,24,48,11,Q1 2023,On Target
C597,35,49,14,Q2 2023,On Target
C341,47,45,12,Q2 2023,Below Target
C484,22,42,8,Q2 2023,On Target
C293,30,35,10,Q1 2023,Below Target
C208,50,32,4,Q2 2023,Below Target
C281,27,50,6,Q2 2023,On Target
C167,31,43,12,Q2 2023,On Target
C614,47,51,15,Q2 2023,Below Target
C169,41,41,12,Q1 2023,Below Target
C422,33,36,6,Q2 2023,Below Target
C395,40,52,12,Q1 2023,On Target
C686,38,28,9,Q1 2023,Below Target
C643,42,41,12,Q2 2023,Below Target
C324,21,29,7,Q2 2023,On Target
C356,32,40,11,Q1 2023,Below Target
C507,26,48,12,Q1 2023,On Target
C591,26,37,11,Q1 2023,On Target
C500,42,33,9,Q1 2023,Below Target
C634,42,52,3,Q2 2023,On Target
C456,32,39,12,Q2 2023,Below Target
C800,29,40,9,Q2 2023,On Target
C138,43,54,14,Q2 2023,Below Target
C705,29,53,11,Q2 2023,On Target
C523,24,46,13,Q2 2023,On Target
C124,30,41,6,Q1 2023,On Target
C515,37,47,11,Q1 2023,Below Target
C355,30,37,15,Q2 2023,Below Target
C459,23,40,9,Q2 2023,On Target
C739,22,30,7,Q2 2023,On Target
C303,29,49,9,Q1 2023,On Target
C234,27,53,11,Q1 2023,On Target
C314,47,40,7,Q1 2023,Below Target
C258,40,53,NA,Q1 2023,NA
C476,21,59,13,Q2 2023,On Target
C549,41,49,9,Q2 2023,Below Target
C148,34,57,14,Q2 2023,On Target
C200,44,45,8,Q1 2023,Below Target
C294,38,30,12,Q1 2023,Below Target
C751,26,58,14,Q1 2023,On Target
C652,35,37,13,Q2 2023,Below Target
C104,36,40,13,Q1 2023,Below Target
C269,44,31,9,Q2 2023,Below Target
C266,35,36,7,Q2 2023,Below Target
C778,39,39,10,Q2 2023,Below Target
C698,43,37,5,Q1 2023,Below Target
C404,44,43,7,Q1 2023,Below Target
C623,27,40,7,Q1 2023,On Target
C121,47,58,12,Q1 2023,Below Target
C639,32,36,11,Q2 2023,Below Target
C265,45,32,10,Q2 2023,Below Target
C648,32,33,9,Q1 2023,Below Target
C725,21,50,11,Q2 2023,On Target
C775,48,31,7,Q2 2023,Below Target
C593,43,50,14,Q2 2023,Below Target
C611,22,48,8,Q2 2023,On Target
C302,24,40,14,Q1 2023,On Target
C709,28,29,10,Q2 2023,Below Target
C187,40,36,8,Q1 2023,Below Target
C637,29,53,13,Q2 2023,On Target
C418,34,29,14,Q1 2023,Below Target
C703,30,54,NA,Q1 2023,NA
C256,24,60,NA,Q2 2023,NA
C472,36,42,10,Q1 2023,Below Target
C284,43,53,11,Q2 2023,Below Target
C321,46,28,12,Q1 2023,Below Target
C757,37,32,11,Q2 2023,Below Target
C666,32,35,15,Q2 2023,Below Target
C276,35,48,9,Q2 2023,On Target
C642,30,53,12,Q1 2023,On Target
C198,25,30,5,Q2 2023,On Target
C462,30,31,4,Q2 2023,Below Target
C345,39,29,4,Q2 2023,Below Target
C489,39,48,9,Q2 2023,On Target
C761,27,55,14,Q2 2023,On Target
C177,22,26,11,Q1 2023,Below Target
C410,31,43,8,Q1 2023,On Target
C413,29,59,8,Q2 2023,On Target
C217,49,45,7,Q2 2023,Below Target
C763,44,59,14,Q1 2023,On Target
C544,24,49,6,Q1 2023,On Target
C458,50,43,11,Q2 2023,Below Target
C695,44,40,6,Q1 2023,Below Target
C353,21,46,9,Q2 2023,On Target
C157,33,51,9,Q2 2023,On Target
C299,29,54,9,Q2 2023,On Target
C254,31,47,9,Q2 2023,On Target
C783,31,45,9,Q2 2023,On Target
C117,44,45,10,Q2 2023,Below Target
C178,20,49,12,Q1 2023,On Target
C764,33,54,8,Q2 2023,On Target
C645,30,57,15,Q1 2023,On Target
C369,49,38,8,Q2 2023,Below Target
C338,44,43,14,Q1 2023,Below Target
C262,22,46,10,Q2 2023,On Target
C237,30,50,15,Q1 2023,On Target
C784,29,40,8,Q1 2023,On Target
C481,40,39,5,Q2 2023,Below Target
C151,50,60,9,Q1 2023,On Target
C297,20,47,16,Q1 2023,On Target
C601,28,35,12,Q1 2023,Below Target
C127,33,45,13,Q1 2023,Below Target
C732,44,54,8,Q2 2023,On Target
C401,38,40,6,Q1 2023,Below Target
C274,28,48,6,Q2 2023,On Target
C792,34,35,10,Q2 2023,Below Target
C150,29,52,16,Q2 2023,On Target
C692,29,37,9,Q1 2023,Below Target
C758,24,40,8,Q2 2023,On Target
C360,37,31,13,Q2 2023,Below Target
C236,45,44,9,Q1 2023,Below Target
C540,40,36,12,Q2 2023,Below Target
C680,24,47,13,Q2 2023,On Target
C118,38,33,10,Q1 2023,Below Target
C596,33,53,13,Q1 2023,On Target
C617,39,47,13,Q2 2023,Below Target
C335,41,54,11,Q2 2023,On Target
C224,45,54,17,Q1 2023,Below Target
C592,28,58,12,Q1 2023,On Target
C636,43,47,16,Q1 2023,Below Target
C737,23,51,6,Q2 2023,On Target
C206,23,42,13,Q2 2023,On Target
C103,45,54,6,Q2 2023,On Target
C594,40,39,7,Q1 2023,Below Target
C343,45,39,6,Q2 2023,Below Target
C475,48,42,15,Q2 2023,Below Target
C685,27,47,15,Q2 2023,On Target
C779,21,53,12,Q2 2023,On Target
C223,43,37,14,Q1 2023,Below Target
C195,47,41,12,Q1 2023,Below Target
C564,38,50,10,Q2 2023,On Target
C510,32,33,5,Q1 2023,Below Target
C723,40,52,7,Q2 2023,On Target
C506,37,49,11,Q1 2023,On Target
C129,25,51,13,Q1 2023,On Target
C691,38,36,8,Q2 2023,Below Target
C257,43,58,8,Q1 2023,On Target
C501,31,50,9,Q1 2023,On Target
C116,36,50,12,Q2 2023,On Target
C184,36,46,8,Q2 2023,On Target
C581,35,52,15,Q1 2023,On Target
C411,22,49,NA,Q2 2023,NA
C453,43,28,6,Q1 2023,Below Target
C279,31,51,7,Q1 2023,On Target
C768,41,36,7,Q2 2023,Below Target
C532,45,41,10,Q2 2023,Below Target
C334,41,57,9,Q1 2023,On Target
C301,25,50,16,Q1 2023,On Target
C210,47,31,10,Q1 2023,Below Target
C735,20,48,5,Q1 2023,On Target
C684,37,46,6,Q2 2023,On Target
C665,44,34,4,Q1 2023,Below Target
C571,44,25,11,Q2 2023,Below Target
C742,27,59,10,Q1 2023,On Target
C436,23,28,13,Q1 2023,Below Target
C789,36,41,11,Q1 2023,Below Target
C289,37,47,11,Q1 2023,Below Target
C285,28,39,10,Q1 2023,On Target
C312,46,42,6,Q1 2023,Below Target
C351,40,58,2,Q2 2023,On Target
C529,21,27,12,Q2 2023,Below Target
C331,44,54,9,Q1 2023,On Target
C222,41,54,10,Q1 2023,On Target
C439,21,41,14,Q2 2023,On Target
C394,25,54,7,Q2 2023,On Target
C435,49,55,12,Q1 2023,Below Target
C629,28,58,7,Q1 2023,On Target
C330,44,50,9,Q1 2023,Below Target
C141,31,57,11,Q1 2023,On Target
C275,28,57,12,Q2 2023,On Target
C246,32,58,9,Q1 2023,On Target
C444,31,38,12,Q2 2023,Below Target
C560,48,51,8,Q1 2023,Below Target
C181,50,48,10,Q2 2023,Below Target
C212,34,45,10,Q1 2023,On Target
C319,29,27,8,Q2 2023,Below Target
C676,40,53,5,Q2 2023,On Target
C213,47,55,15,Q2 2023,Below Target
C110,28,49,15,Q1 2023,On Target
C598,34,38,6,Q2 2023,Below Target
C376,33,40,9,Q1 2023,Below Target
C527,38,26,11,Q2 2023,Below Target
C727,30,29,11,Q2 2023,Below Target
C362,42,48,NA,Q2 2023,NA
C795,22,29,13,Q2 2023,Below Target
C667,26,40,9,Q2 2023,On Target
C270,49,38,7,Q1 2023,Below Target
C451,40,41,11,Q1 2023,Below Target
C557,33,47,8,Q2 2023,On Target
C563,35,31,8,Q1 2023,Below Target
C490,30,52,13,Q2 2023,On Target
C650,45,54,8,Q2 2023,On Target
C142,45,54,7,Q2 2023,On Target
C253,29,53,9,Q2 2023,On Target
C162,29,26,9,Q2 2023,Below Target
C449,30,55,10,Q2 2023,On Target
C485,46,26,10,Q1 2023,Below Target
C135,39,44,5,Q1 2023,On Target
C417,50,48,10,Q1 2023,Below Target
C194,22,25,14,Q1 2023,Below Target
C409,24,32,9,Q1 2023,Below Target
C730,20,25,8,Q2 2023,Below Target
C304,33,53,14,Q1 2023,On Target
C499,25,42,6,Q1 2023,On Target
C423,21,39,9,Q1 2023,On Target
C661,23,59,13,Q2 2023,On Target
C233,49,59,10,Q2 2023,On Target
C228,35,27,7,Q2 2023,Below Target
C509,34,54,11,Q2 2023,On Target
C119,20,40,11,Q2 2023,On Target
C488,47,37,14,Q1 2023,Below Target
C146,25,30,16,Q2 2023,Below Target
C268,41,46,12,Q1 2023,Below Target
C389,21,54,15,Q1 2023,On Target
C788,31,56,10,Q1 2023,On Target
C534,30,37,5,Q2 2023,On Target
C513,48,36,17,Q1 2023,Below Target
C747,37,36,NA,Q1 2023,NA
C576,42,53,13,Q1 2023,Below Target
C165,37,42,15,Q1 2023,Below Target
C241,26,46,10,Q2 2023,On Target
C559,29,32,8,Q1 2023,Below Target
C448,24,39,7,Q1 2023,On Target
C466,43,54,12,Q1 2023,Below Target
C521,30,44,8,Q1 2023,On Target
C530,40,29,14,Q1 2023,Below Target
C752,25,54,11,Q1 2023,On Target
C471,29,46,8,Q2 2023,On Target
C525,22,60,11,Q2 2023,On Target
C496,30,35,11,Q2 2023,Below Target
C710,50,29,13,Q1 2023,Below Target
C323,43,48,8,Q2 2023,Below Target
C728,42,42,11,Q1 2023,Below Target
C229,46,44,10,Q2 2023,Below Target
C774,48,25,7,Q1 2023,Below Target
C446,24,32,6,Q1 2023,On Target
C175,46,32,14,Q2 2023,Below Target
C655,27,49,12,Q2 2023,On Target
C310,44,26,4,Q2 2023,Below Target
C750,33,34,11,Q1 2023,Below Target
C437,36,39,14,Q1 2023,Below Target
C214,42,57,10,Q2 2023,On Target
C729,48,39,5,Q2 2023,Below Target
C626,30,40,6,Q2 2023,On Target
C670,46,25,8,Q1 2023,Below Target
C599,47,52,6,Q1 2023,Below Target
C518,45,43,11,Q2 2023,Below Target
C372,37,42,13,Q1 2023,Below Target
C109,34,58,8,Q1 2023,On Target
C498,29,41,12,Q2 2023,On Target
C512,49,43,9,Q1 2023,Below Target
C390,28,56,8,Q2 2023,On Target
C283,29,36,5,Q1 2023,On Target
C793,39,40,8,Q2 2023,Below Target
C387,25,54,2,Q1 2023,On Target
C260,46,34,10,Q2 2023,Below Target
C568,31,34,8,Q1 2023,Below Target
C677,28,41,11,Q2 2023,On Target
C183,21,31,9,Q2 2023,On Target
C292,21,55,14,Q1 2023,On Target
C421,38,53,9,Q1 2023,On Target
C101,37,55,5,Q1 2023,On Target
C426,21,30,13,Q1 2023,Below Target
C392,43,31,12,Q1 2023,Below Target
C618,45,33,9,Q2 2023,Below Target
C259,30,46,15,Q2 2023,On Target
C704,37,28,13,Q1 2023,Below Target
C370,39,46,12,Q1 2023,Below Target
C130,42,59,5,Q2 2023,On Target
C305,20,28,12,Q2 2023,Below Target
C766,39,57,9,Q1 2023,On Target
C337,46,31,7,Q1 2023,Below Target
C541,42,50,6,Q2 2023,On Target
C291,23,30,9,Q2 2023,Below Target
C714,20,36,6,Q2 2023,On Target
C115,40,54,11,Q2 2023,On Target
C133,34,37,11,Q2 2023,Below Target
C179,34,35,10,Q2 2023,Below Target
C367,36,54,15,Q1 2023,On Target
C216,45,51,13,Q2 2023,Below Target
C438,25,31,10,Q2 2023,Below Target
C495,36,53,10,Q2 2023,On Target
C587,38,51,10,Q1 2023,On Target
C327,34,34,14,Q1 2023,Below Target
C610,24,50,13,Q1 2023,On Target
C306,38,28,11,Q1 2023,Below Target
C408,42,38,10,Q2 2023,Below Target
C745,35,28,13,Q1 2023,Below Target
C132,27,34,10,Q2 2023,Below Target
C657,39,26,7,Q2 2023,Below Target
C659,44,28,9,Q1 2023,Below Target
C136,48,46,8,Q1 2023,Below Target
C633,43,57,12,Q2 2023,On Target
C168,34,28,7,Q2 2023,Below Target
C180,44,25,7,Q1 2023,Below Target
C622,28,50,15,Q2 2023,On Target
C440,43,49,11,Q2 2023,Below Target
C339,48,46,7,Q2 2023,Below Target
C364,35,32,7,Q1 2023,Below Target
C375,32,34,8,Q1 2023,Below Target
C332,50,31,8,Q2 2023,Below Target
C189,35,41,16,Q2 2023,Below Target
C170,31,28,4,Q2 2023,Below Target
C381,21,46,14,Q1 2023,On Target
C412,32,34,8,Q1 2023,Below Target
C799,34,58,10,Q1 2023,On Target
C537,24,42,14,Q1 2023,On Target
C159,37,53,13,Q1 2023,On Target
C176,21,40,13,Q1 2023,On Target
C243,40,60,14,Q1 2023,On Target
C635,36,60,8,Q2 2023,On Target
C225,40,36,12,Q1 2023,Below Target
C126,44,29,13,Q1 2023,Below Target
C428,21,35,13,Q1 2023,On Target
C651,20,59,8,Q1 2023,On Target
C398,37,40,9,Q1 2023,Below Target
C250,39,55,13,Q2 2023,On Target
C239,34,49,11,Q2 2023,On Target
C402,26,29,17,Q1 2023,Below Target
C734,28,32,16,Q1 2023,Below Target
C191,30,30,7,Q2 2023,Below Target
C668,34,29,4,Q2 2023,Below Target
C740,39,44,8,Q2 2023,Below Target
C785,44,50,10,Q1 2023,Below Target
C479,47,34,12,Q2 2023,Below Target
C211,27,32,8,Q1 2023,Below Target
C190,46,41,10,Q2 2023,Below Target
C683,42,49,14,Q2 2023,Below Target
C613,43,56,9,Q1 2023,On Target
C468,24,59,13,Q1 2023,On Target
C186,42,34,10,Q1 2023,Below Target
C575,46,42,11,Q2 2023,Below Target
C346,36,46,NA,Q1 2023,NA
C322,28,35,9,Q2 2023,Below Target
C585,44,43,10,Q1 2023,Below Target
C749,46,27,10,Q1 2023,Below Target
C473,26,36,8,Q2 2023,On Target
C407,24,55,4,Q1 2023,On Target
C232,47,35,6,Q2 2023,Below Target
C112,36,26,12,Q1 2023,Below Target
C267,41,40,14,Q1 2023,Below Target
C147,20,55,5,Q2 2023,On Target
C414,33,28,9,Q1 2023,Below Target
C719,48,43,11,Q2 2023,Below Target
C716,25,34,10,Q2 2023,Below Target
C678,28,54,7,Q1 2023,On Target
C590,27,36,4,Q2 2023,On Target
C790,22,31,13,Q1 2023,Below Target
C220,30,26,10,Q1 2023,Below Target
C315,49,55,15,Q2 2023,Below Target
C272,33,34,10,Q1 2023,Below Target
C662,38,56,7,Q1 2023,On Target
C205,42,48,14,Q2 2023,Below Target
C551,32,46,18,Q1 2023,Below Target
C616,22,33,8,Q2 2023,On Target
C201,46,26,12,Q1 2023,Below Target
C455,36,52,12,Q2 2023,On Target
C340,30,59,12,Q1 2023,On Target
C736,25,52,10,Q1 2023,On Target
C328,46,39,12,Q2 2023,Below Target
C688,26,39,10,Q1 2023,On Target
C595,44,29,11,Q1 2023,Below Target
C288,29,44,14,Q1 2023,On Target
C172,29,51,12,Q1 2023,On Target
C209,42,47,11,Q1 2023,Below Target
C700,40,58,10,Q2 2023,On Target
C329,36,42,11,Q2 2023,Below Target
C520,31,41,11,Q2 2023,Below Target
C644,32,60,11,Q1 2023,On Target
C102,27,59,12,Q1 2023,On Target
C106,23,32,8,Q1 2023,On Target
C632,26,38,8,Q2 2023,On Target
C333,36,26,8,Q1 2023,Below Target
C365,37,44,10,Q2 2023,Below Target
C467,44,36,8,Q2 2023,Below Target
C161,34,41,11,Q1 2023,Below Target
C427,48,37,9,Q1 2023,Below Target
C681,44,52,5,Q2 2023,On Target
C553,46,36,11,Q2 2023,Below Target
C380,40,46,NA,Q2 2023,NA
C577,48,33,7,Q2 2023,Below Target
C780,26,54,8,Q2 2023,On Target
C756,31,54,12,Q1 2023,On Target
C722,35,30,11,Q2 2023,Below Target
C383,40,45,11,Q1 2023,Below Target
C287,26,26,11,Q2 2023,Below Target
C368,45,56,9,Q1 2023,On Target
C707,36,31,10,Q2 2023,Below Target
C393,43,34,8,Q2 2023,Below Target
C156,43,48,8,Q2 2023,Below Target
C572,36,56,8,Q2 2023,On Target
C603,40,41,11,Q2 2023,Below Target
C505,34,28,8,Q1 2023,Below Target
C477,28,33,8,Q2 2023,Below Target
C625,49,78,7,Q2 2023,On Target
C580,32,41,8,Q1 2023,On Target
C227,48,59,11,Q2 2023,On Target
C416,24,28,11,Q1 2023,Below Target
C128,26,38,13,Q2 2023,Below Target
C111,49,34,16,Q2 2023,Below Target
C242,42,26,11,Q2 2023,Below Target
C282,45,55,9,Q1 2023,On Target
C166,25,27,14,Q2 2023,Below Target
C487,45,42,12,Q1 2023,Below Target
C771,37,31,4,Q2 2023,Below Target
C278,39,55,12,Q1 2023,On Target
C731,34,42,3,Q1 2023,On Target
C786,46,41,9,Q1 2023,Below Target
C235,48,27,8,Q1 2023,Below Target
C199,40,36,12,Q1 2023,Below Target
C545,36,41,5,Q1 2023,On Target
C547,39,54,8,Q2 2023,On Target
C193,44,27,12,Q2 2023,Below Target
C717,47,56,12,Q1 2023,Below Target
C399,50,45,8,Q2 2023,Below Target
C358,22,48,9,Q2 2023,On Target
C589,36,30,6,Q2 2023,Below Target
C671,44,50,9,Q1 2023,Below Target
C152,29,41,9,Q2 2023,On Target
C433,39,47,10,Q2 2023,Below Target
C388,31,39,15,Q2 2023,Below Target
C296,40,30,9,Q1 2023,Below Target
C561,29,29,11,Q2 2023,Below Target
C554,30,40,16,Q1 2023,Below Target
C531,41,28,13,Q2 2023,Below Target
C261,27,57,6,Q1 2023,On Target
C517,43,58,15,Q1 2023,On Target
C300,29,47,7,Q2 2023,On Target
C452,36,58,10,Q1 2023,On Target
C539,21,42,11,Q1 2023,On Target
C143,35,37,4,Q1 2023,Below Target
C528,34,43,11,Q2 2023,Below Target
C578,35,52,12,Q1 2023,On Target
C363,24,36,6,Q2 2023,On Target
C552,43,45,16,Q2 2023,Below Target
C255,36,39,6,Q2 2023,Below Target
C762,22,44,11,Q2 2023,On Target
C445,48,25,11,Q1 2023,Below Target
C396,24,31,10,Q1 2023,Below Target
C538,43,57,10,Q1 2023,On Target
C290,30,41,6,Q2 2023,On Target
C361,48,37,4,Q2 2023,Below Target
C108,42,44,12,Q1 2023,Below Target
C712,47,29,9,Q2 2023,Below Target
C215,49,27,7,Q2 2023,Below Target
C573,41,40,2,Q1 2023,Below Target
C403,30,26,15,Q1 2023,Below Target
C415,32,36,7,Q1 2023,Below Target
C158,44,42,11,Q1 2023,Below Target
C420,26,56,12,Q2 2023,On Target
C424,44,54,9,Q1 2023,On Target
C354,37,55,4,Q1 2023,On Target
C469,36,27,14,Q2 2023,Below Target
C120,20,59,11,Q1 2023,On Target
C144,45,38,12,Q1 2023,Below Target
C482,40,58,15,Q2 2023,On Target
C378,48,54,10,Q2 2023,Below Target
C480,25,27,12,Q2 2023,Below Target
C630,39,39,12,Q1 2023,Below Target
C171,44,50,6,Q1 2023,On Target
C263,24,33,13,Q2 2023,Below Target
C653,45,37,9,Q2 2023,Below Target
C586,25,49,15,Q2 2023,On Target
C582,44,28,8,Q2 2023,Below Target
C154,21,57,4,Q1 2023,On Target
C221,42,60,12,Q2 2023,On Target
C252,30,25,11,Q2 2023,Below Target
C754,46,55,8,Q2 2023,On Target
C675,32,54,12,Q1 2023,On Target
C342,22,34,12,Q1 2023,On Target
C658,50,52,13,Q2 2023,Below Target
C690,28,57,10,Q2 2023,On Target
C153,40,48,12,Q1 2023,Below Target
C273,36,32,6,Q2 2023,Below Target
C397,41,45,7,Q1 2023,Below Target
C543,26,32,14,Q1 2023,Below Target
C567,39,60,13,Q2 2023,On Target
C122,33,58,14,Q1 2023,On Target
C555,32,36,13,Q1 2023,Below Target
C497,40,51,15,Q2 2023,Below Target
C400,36,28,9,Q1 2023,Below Target
C114,22,34,11,Q1 2023,On Target
C548,36,41,8,Q2 2023,Below Target
C295,29,29,11,Q1 2023,Below Target
C782,37,50,12,Q1 2023,On Target
C202,38,45,14,Q1 2023,Below Target
C318,37,27,9,Q1 2023,Below Target
C197,29,34,8,Q1 2023,Below Target
C711,40,39,9,Q2 2023,Below Target
C405,20,52,10,Q1 2023,On Target
C753,35,32,11,Q1 2023,Below Target
C347,46,30,10,Q1 2023,Below Target
C185,28,43,9,Q1 2023,On Target
C516,32,44,6,Q1 2023,On Target
C791,39,41,12,Q1 2023,Below Target
C748,32,57,12,Q2 2023,On Target
C607,25,56,11,Q1 2023,On Target
C619,24,51,NA,Q1 2023,NA
C579,28,44,6,Q1 2023,On Target
C434,20,55,5,Q1 2023,On Target
C522,33,35,8,Q2 2023,Below Target
C447,30,25,11,Q2 2023,Below Target
C248,35,33,6,Q1 2023,Below Target
C286,32,31,14,Q1 2023,Below Target
C693,44,32,10,Q2 2023,Below Target
C385,36,49,13,Q2 2023,On Target
C744,49,38,5,Q1 2023,Below Target
C733,44,42,4,Q1 2023,Below Target
C608,42,39,10,Q1 2023,Below Target
C307,38,42,10,Q2 2023,Below Target
C352,38,29,9,Q2 2023,Below Target
C588,26,40,12,Q1 2023,On Target
C701,27,53,9,Q1 2023,On Target
C432,24,48,14,Q2 2023,On Target
C558,34,47,11,Q1 2023,On Target
C526,47,38,16,Q2 2023,Below Target
C486,37,54,11,Q2 2023,On Target
C546,30,43,13,Q2 2023,On Target
C569,36,49,10,Q1 2023,On Target
C566,43,49,13,Q2 2023,Below Target
C514,32,29,10,Q1 2023,Below Target
C311,45,57,13,Q2 2023,Below Target
C188,40,43,8,Q1 2023,Below Target
C100,29,56,10,Q1 2023,On Target
C137,34,35,NA,Q1 2023,NA
C787,49,53,15,Q1 2023,Below Target
C542,20,30,10,Q1 2023,On Target
C697,36,32,12,Q2 2023,Below Target
C798,25,47,5,Q1 2023,On Target
C502,45,54,6,Q2 2023,On Target
C781,24,29,5,Q2 2023,On Target
C391,43,48,14,Q2 2023,Below Target
C441,39,36,10,Q1 2023,Below Target
C371,46,28,NA,Q2 2023,NA
C646,34,31,12,Q1 2023,Below Target
C251,34,45,NA,Q1 2023,NA
C654,31,31,5,Q2 2023,Below Target
C600,45,25,13,Q2 2023,Below Target
C145,31,35,16,Q2 2023,Below Target
C457,43,47,7,Q1 2023,Below Target
C384,45,47,14,Q1 2023,Below Target
C679,27,35,14,Q2 2023,Below Target
C724,46,51,8,Q1 2023,Below Target
C669,36,26,NA,Q1 2023,NA
C615,20,41,16,Q1 2023,On Target
C379,49,59,16,Q1 2023,Below Target
C606,37,58,8,Q1 2023,On Target
C474,27,36,14,Q1 2023,Below Target
C604,28,31,10,Q2 2023,Below Target
C556,37,31,12,Q1 2023,Below Target
C478,24,49,11,Q1 2023,On Target
C743,43,39,11,Q1 2023,Below Target
C219,50,58,9,Q1 2023,Below Target
C565,37,49,9,Q2 2023,On Target
C429,39,31,12,Q2 2023,Below Target
C519,34,53,9,Q2 2023,On Target
C605,48,26,9,Q1 2023,Below Target
C620,20,41,5,Q2 2023,On Target
C491,22,55,6,Q1 2023,On Target
C715,47,45,12,Q2 2023,Below Target
C386,29,39,4,Q2 2023,On Target
C641,29,58,9,Q1 2023,On Target
C155,31,49,8,Q2 2023,On Target
C325,33,27,8,Q2 2023,Below Target
C139,26,32,5,Q2 2023,On Target
C769,36,30,13,Q1 2023,Below Target
C508,23,51,15,Q2 2023,On Target
C140,36,41,13,Q2 2023,Below Target
C123,34,47,10,Q2 2023,On Target
C746,47,34,8,Q2 2023,Below Target
C741,41,52,11,Q2 2023,On Target
C244,40,52,6,Q1 2023,On Target
C264,27,51,9,Q2 2023,On Target
C298,21,41,7,Q1 2023,On Target
C173,46,46,10,Q1 2023,Below Target
C350,26,40,8,Q2 2023,On Target
C584,40,58,10,Q1 2023,On Target
C797,23,25,11,Q1 2023,Below Target
C673,46,42,11,Q2 2023,Below Target
C503,43,56,8,Q2 2023,On Target
C796,50,46,12,Q1 2023,Below Target
C125,44,40,13,Q2 2023,Below Target
C767,25,53,10,Q1 2023,On Target
C226,37,41,5,Q2 2023,Below Target
C627,37,29,6,Q2 2023,Below Target
C492,25,52,10,Q2 2023,On Target
C602,23,32,8,Q1 2023,On Target
C377,26,28,9,Q1 2023,Below Target
C609,33,37,6,Q2 2023,Below Target
C464,40,52,5,Q2 2023,On Target
C612,21,40,11,Q1 2023,On Target
C316,47,40,4,Q1 2023,Below Target
C536,30,43,8,Q1 2023,On Target
C726,27,47,11,Q1 2023,On Target
C149,37,38,17,Q2 2023,Below Target
C320,30,48,8,Q1 2023,On Target
C511,34,55,7,Q1 2023,On Target
C533,30,37,6,Q2 2023,On Target
C107,37,51,5,Q1 2023,On Target
C770,29,50,13,Q1 2023,On Target
C204,46,29,11,Q1 2023,Below Target
C113,36,42,8,Q2 2023,Below Target
C430,39,29,16,Q1 2023,Below Target
C687,24,54,11,Q1 2023,On Target
C570,32,52,11,Q2 2023,On Target
C706,48,47,11,Q2 2023,Below Target
C160,29,47,11,Q1 2023,On Target
C663,25,36,9,Q2 2023,On Target
C638,49,26,11,Q2 2023,Below Target
C649,43,81,9,Q1 2023,On Target
C105,43,57,12,Q1 2023,On Target
C374,40,25,6,Q2 2023,Below Target
C240,27,30,11,Q1 2023,Below Target
C689,25,44,10,Q2 2023,On Target
C249,36,40,8,Q2 2023,Below Target
